<?xml version="1.0" encoding="UTF-8"?>
<project-private xmlns="http://www.netbeans.org/ns/project-private/1">
    <editor-bookmarks xmlns="http://www.netbeans.org/ns/editor-bookmarks/1"/>
    <editor-bookmarks xmlns="http://www.netbeans.org/ns/editor-bookmarks/2" lastBookmarkId="0"/>
    <open-files xmlns="http://www.netbeans.org/ns/projectui-open-files/2">
        <group>
            <file>file:/E:/factorialUDP/src/paquete/factorial.java</file>
            <file>file:/E:/factorialUDP/src/paquete/Cliente.java</file>
            <file>file:/E:/factorialUDP/src/paquete/Recibe.java</file>
            <file>file:/E:/factorialUDP/src/paquete/Server.java</file>
            <file>file:/E:/factorialUDP/src/paquete/Recibo.java</file>
        </group>
    </open-files>
</project-private>
